site,county,pm25,datacreationdate,itemunit
林森,臺南市,16,2026-04-02 19:00,μg/m3
員林,彰化縣,20,2026-04-02 19:00,μg/m3
臺灣大道,臺中市,22,2026-04-02 19:00,μg/m3
大城,彰化縣,14,2026-04-02 19:00,μg/m3
富貴角,新北市,11,2026-04-02 19:00,μg/m3
麥寮,雲林縣,20,2026-04-02 19:00,μg/m3
關山,臺東縣,11,2026-04-02 19:00,μg/m3
馬公,澎湖縣,15,2026-04-02 19:00,μg/m3
金門,金門縣,21,2026-04-02 19:00,μg/m3
馬祖,連江縣,12,2026-04-02 19:00,μg/m3
埔里,南投縣,25,2026-04-02 19:00,μg/m3
復興,高雄市,13,2026-04-02 19:00,μg/m3
永和,新北市,10,2026-04-02 19:00,μg/m3
竹山,南投縣,24,2026-04-02 19:00,μg/m3
中壢,桃園市,14,2026-04-02 19:00,μg/m3
三重,新北市,11,2026-04-02 19:00,μg/m3
冬山,宜蘭縣,11,2026-04-02 19:00,μg/m3
宜蘭,宜蘭縣,7,2026-04-02 19:00,μg/m3
陽明,臺北市,9,2026-04-02 19:00,μg/m3
花蓮,花蓮縣,9,2026-04-02 19:00,μg/m3
臺東,臺東縣,12,2026-04-02 19:00,μg/m3
恆春,屏東縣,6,2026-04-02 19:00,μg/m3
潮州,屏東縣,15,2026-04-02 19:00,μg/m3
屏東,屏東縣,13,2026-04-02 19:00,μg/m3
小港,高雄市,12,2026-04-02 19:00,μg/m3
前鎮,高雄市,14,2026-04-02 19:00,μg/m3
前金,高雄市,13,2026-04-02 19:00,μg/m3
左營,高雄市,12,2026-04-02 19:00,μg/m3
楠梓,高雄市,12,2026-04-02 19:00,μg/m3
林園,高雄市,14,2026-04-02 19:00,μg/m3
大寮,高雄市,15,2026-04-02 19:00,μg/m3
鳳山,高雄市,11,2026-04-02 19:00,μg/m3
仁武,高雄市,10,2026-04-02 19:00,μg/m3
橋頭,高雄市,12,2026-04-02 19:00,μg/m3
美濃,高雄市,15,2026-04-02 19:00,μg/m3
臺南,臺南市,14,2026-04-02 19:00,μg/m3
安南,臺南市,13,2026-04-02 19:00,μg/m3
善化,臺南市,14,2026-04-02 19:00,μg/m3
新營,臺南市,21,2026-04-02 19:00,μg/m3
嘉義,嘉義市,15,2026-04-02 19:00,μg/m3
臺西,雲林縣,10,2026-04-02 19:00,μg/m3
朴子,嘉義縣,13,2026-04-02 19:00,μg/m3
新港,嘉義縣,13,2026-04-02 19:00,μg/m3
崙背,雲林縣,18,2026-04-02 19:00,μg/m3
斗六,雲林縣,25,2026-04-02 19:00,μg/m3
南投,南投縣,25,2026-04-02 19:00,μg/m3
二林,彰化縣,21,2026-04-02 19:00,μg/m3
線西,彰化縣,18,2026-04-02 19:00,μg/m3
彰化,彰化縣,17,2026-04-02 19:00,μg/m3
西屯,臺中市,16,2026-04-02 19:00,μg/m3
忠明,臺中市,16,2026-04-02 19:00,μg/m3
大里,臺中市,22,2026-04-02 19:00,μg/m3
沙鹿,臺中市,23,2026-04-02 19:00,μg/m3
豐原,臺中市,19,2026-04-02 19:00,μg/m3
三義,苗栗縣,15,2026-04-02 19:00,μg/m3
苗栗,苗栗縣,17,2026-04-02 19:00,μg/m3
頭份,苗栗縣,11,2026-04-02 19:00,μg/m3
新竹,新竹市,16,2026-04-02 19:00,μg/m3
竹東,新竹縣,13,2026-04-02 19:00,μg/m3
湖口,新竹縣,15,2026-04-02 19:00,μg/m3
龍潭,桃園市,10,2026-04-02 19:00,μg/m3
平鎮,桃園市,12,2026-04-02 19:00,μg/m3
觀音,桃園市,11,2026-04-02 19:00,μg/m3
大園,桃園市,9,2026-04-02 19:00,μg/m3
桃園,桃園市,11,2026-04-02 19:00,μg/m3
大同,臺北市,11,2026-04-02 19:00,μg/m3
松山,臺北市,10,2026-04-02 19:00,μg/m3
古亭,臺北市,7,2026-04-02 19:00,μg/m3
萬華,臺北市,12,2026-04-02 19:00,μg/m3
中山,臺北市,11,2026-04-02 19:00,μg/m3
士林,臺北市,7,2026-04-02 19:00,μg/m3
淡水,新北市,9,2026-04-02 19:00,μg/m3
林口,新北市,9,2026-04-02 19:00,μg/m3
菜寮,新北市,11,2026-04-02 19:00,μg/m3
新莊,新北市,11,2026-04-02 19:00,μg/m3
板橋,新北市,13,2026-04-02 19:00,μg/m3
土城,新北市,7,2026-04-02 19:00,μg/m3
新店,新北市,9,2026-04-02 19:00,μg/m3
汐止,新北市,13,2026-04-02 19:00,μg/m3
基隆,基隆市,11,2026-04-02 19:00,μg/m3
林森,臺南市,44,2026-04-02 02:00,μg/m3
員林,彰化縣,12,2026-04-02 02:00,μg/m3
臺灣大道,臺中市,11,2026-04-02 02:00,μg/m3
大城,彰化縣,8,2026-04-02 02:00,μg/m3
富貴角,新北市,9,2026-04-02 02:00,μg/m3
麥寮,雲林縣,8,2026-04-02 02:00,μg/m3
關山,臺東縣,9,2026-04-02 02:00,μg/m3
馬公,澎湖縣,9,2026-04-02 02:00,μg/m3
金門,金門縣,12,2026-04-02 02:00,μg/m3
馬祖,連江縣,11,2026-04-02 02:00,μg/m3
埔里,南投縣,25,2026-04-02 02:00,μg/m3
復興,高雄市,27,2026-04-02 02:00,μg/m3
永和,新北市,7,2026-04-02 02:00,μg/m3
竹山,南投縣,27,2026-04-02 02:00,μg/m3
中壢,桃園市,5,2026-04-02 02:00,μg/m3
三重,新北市,11,2026-04-02 02:00,μg/m3
冬山,宜蘭縣,5,2026-04-02 02:00,μg/m3
宜蘭,宜蘭縣,6,2026-04-02 02:00,μg/m3
陽明,臺北市,7,2026-04-02 02:00,μg/m3
花蓮,花蓮縣,5,2026-04-02 02:00,μg/m3
臺東,臺東縣,10,2026-04-02 02:00,μg/m3
恆春,屏東縣,9,2026-04-02 02:00,μg/m3
潮州,屏東縣,18,2026-04-02 02:00,μg/m3
屏東,屏東縣,23,2026-04-02 02:00,μg/m3
小港,高雄市,31,2026-04-02 02:00,μg/m3
前鎮,高雄市,33,2026-04-02 02:00,μg/m3
前金,高雄市,36,2026-04-02 02:00,μg/m3
左營,高雄市,33,2026-04-02 02:00,μg/m3
楠梓,高雄市,29,2026-04-02 02:00,μg/m3
林園,高雄市,31,2026-04-02 02:00,μg/m3
大寮,高雄市,38,2026-04-02 02:00,μg/m3
鳳山,高雄市,29,2026-04-02 02:00,μg/m3
仁武,高雄市,37,2026-04-02 02:00,μg/m3
橋頭,高雄市,42,2026-04-02 02:00,μg/m3
美濃,高雄市,19,2026-04-02 02:00,μg/m3
臺南,臺南市,38,2026-04-02 02:00,μg/m3
安南,臺南市,34,2026-04-02 02:00,μg/m3
善化,臺南市,29,2026-04-02 02:00,μg/m3
新營,臺南市,23,2026-04-02 02:00,μg/m3
嘉義,嘉義市,34,2026-04-02 02:00,μg/m3
臺西,雲林縣,5,2026-04-02 02:00,μg/m3
朴子,嘉義縣,14,2026-04-02 02:00,μg/m3
新港,嘉義縣,22,2026-04-02 02:00,μg/m3
崙背,雲林縣,14,2026-04-02 02:00,μg/m3
斗六,雲林縣,18,2026-04-02 02:00,μg/m3
南投,南投縣,19,2026-04-02 02:00,μg/m3
二林,彰化縣,10,2026-04-02 02:00,μg/m3
線西,彰化縣,7,2026-04-02 02:00,μg/m3
彰化,彰化縣,12,2026-04-02 02:00,μg/m3
西屯,臺中市,7,2026-04-02 02:00,μg/m3
忠明,臺中市,16,2026-04-02 02:00,μg/m3
大里,臺中市,16,2026-04-02 02:00,μg/m3
沙鹿,臺中市,8,2026-04-02 02:00,μg/m3
豐原,臺中市,15,2026-04-02 02:00,μg/m3
三義,苗栗縣,4,2026-04-02 02:00,μg/m3
苗栗,苗栗縣,4,2026-04-02 02:00,μg/m3
頭份,苗栗縣,10,2026-04-02 02:00,μg/m3
新竹,新竹市,2,2026-04-02 02:00,μg/m3
竹東,新竹縣,6,2026-04-02 02:00,μg/m3
湖口,新竹縣,6,2026-04-02 02:00,μg/m3
龍潭,桃園市,8,2026-04-02 02:00,μg/m3
平鎮,桃園市,5,2026-04-02 02:00,μg/m3
觀音,桃園市,5,2026-04-02 02:00,μg/m3
大園,桃園市,6,2026-04-02 02:00,μg/m3
桃園,桃園市,1,2026-04-02 02:00,μg/m3
大同,臺北市,6,2026-04-02 02:00,μg/m3
松山,臺北市,10,2026-04-02 02:00,μg/m3
古亭,臺北市,4,2026-04-02 02:00,μg/m3
萬華,臺北市,4,2026-04-02 02:00,μg/m3
中山,臺北市,9,2026-04-02 02:00,μg/m3
士林,臺北市,7,2026-04-02 02:00,μg/m3
淡水,新北市,8,2026-04-02 02:00,μg/m3
林口,新北市,5,2026-04-02 02:00,μg/m3
菜寮,新北市,5,2026-04-02 02:00,μg/m3
新莊,新北市,9,2026-04-02 02:00,μg/m3
板橋,新北市,8,2026-04-02 02:00,μg/m3
土城,新北市,4,2026-04-02 02:00,μg/m3
新店,新北市,7,2026-04-02 02:00,μg/m3
汐止,新北市,5,2026-04-02 02:00,μg/m3
基隆,基隆市,8,2026-04-02 02:00,μg/m3
林森,臺南市,45,2026-04-02 12:00,μg/m3
員林,彰化縣,26,2026-04-02 12:00,μg/m3
臺灣大道,臺中市,,2026-04-02 12:00,μg/m3
大城,彰化縣,10,2026-04-02 12:00,μg/m3
富貴角,新北市,10,2026-04-02 12:00,μg/m3
麥寮,雲林縣,14,2026-04-02 12:00,μg/m3
關山,臺東縣,4,2026-04-02 12:00,μg/m3
馬公,澎湖縣,11,2026-04-02 12:00,μg/m3
金門,金門縣,22,2026-04-02 12:00,μg/m3
馬祖,連江縣,7,2026-04-02 12:00,μg/m3
埔里,南投縣,18,2026-04-02 12:00,μg/m3
復興,高雄市,24,2026-04-02 12:00,μg/m3
永和,新北市,10,2026-04-02 12:00,μg/m3
竹山,南投縣,21,2026-04-02 12:00,μg/m3
中壢,桃園市,16,2026-04-02 12:00,μg/m3
三重,新北市,10,2026-04-02 12:00,μg/m3
冬山,宜蘭縣,5,2026-04-02 12:00,μg/m3
宜蘭,宜蘭縣,9,2026-04-02 12:00,μg/m3
陽明,臺北市,8,2026-04-02 12:00,μg/m3
花蓮,花蓮縣,6,2026-04-02 12:00,μg/m3
臺東,臺東縣,6,2026-04-02 12:00,μg/m3
恆春,屏東縣,6,2026-04-02 12:00,μg/m3
潮州,屏東縣,38,2026-04-02 12:00,μg/m3
屏東,屏東縣,55,2026-04-02 12:00,μg/m3
小港,高雄市,21,2026-04-02 12:00,μg/m3
前鎮,高雄市,,2026-04-02 12:00,μg/m3
前金,高雄市,14,2026-04-02 12:00,μg/m3
左營,高雄市,29,2026-04-02 12:00,μg/m3
楠梓,高雄市,34,2026-04-02 12:00,μg/m3
林園,高雄市,15,2026-04-02 12:00,μg/m3
大寮,高雄市,27,2026-04-02 12:00,μg/m3
鳳山,高雄市,20,2026-04-02 12:00,μg/m3
仁武,高雄市,35,2026-04-02 12:00,μg/m3
橋頭,高雄市,37,2026-04-02 12:00,μg/m3
美濃,高雄市,18,2026-04-02 12:00,μg/m3
臺南,臺南市,42,2026-04-02 12:00,μg/m3
安南,臺南市,39,2026-04-02 12:00,μg/m3
善化,臺南市,37,2026-04-02 12:00,μg/m3
新營,臺南市,37,2026-04-02 12:00,μg/m3
嘉義,嘉義市,34,2026-04-02 12:00,μg/m3
臺西,雲林縣,17,2026-04-02 12:00,μg/m3
朴子,嘉義縣,25,2026-04-02 12:00,μg/m3
新港,嘉義縣,25,2026-04-02 12:00,μg/m3
崙背,雲林縣,23,2026-04-02 12:00,μg/m3
斗六,雲林縣,30,2026-04-02 12:00,μg/m3
南投,南投縣,21,2026-04-02 12:00,μg/m3
二林,彰化縣,24,2026-04-02 12:00,μg/m3
線西,彰化縣,,2026-04-02 12:00,μg/m3
彰化,彰化縣,17,2026-04-02 12:00,μg/m3
西屯,臺中市,16,2026-04-02 12:00,μg/m3
忠明,臺中市,21,2026-04-02 12:00,μg/m3
大里,臺中市,18,2026-04-02 12:00,μg/m3
沙鹿,臺中市,11,2026-04-02 12:00,μg/m3
豐原,臺中市,,2026-04-02 12:00,μg/m3
三義,苗栗縣,11,2026-04-02 12:00,μg/m3
苗栗,苗栗縣,9,2026-04-02 12:00,μg/m3
頭份,苗栗縣,14,2026-04-02 12:00,μg/m3
新竹,新竹市,13,2026-04-02 12:00,μg/m3
竹東,新竹縣,10,2026-04-02 12:00,μg/m3
湖口,新竹縣,6,2026-04-02 12:00,μg/m3
龍潭,桃園市,9,2026-04-02 12:00,μg/m3
平鎮,桃園市,11,2026-04-02 12:00,μg/m3
觀音,桃園市,15,2026-04-02 12:00,μg/m3
大園,桃園市,6,2026-04-02 12:00,μg/m3
桃園,桃園市,10,2026-04-02 12:00,μg/m3
大同,臺北市,10,2026-04-02 12:00,μg/m3
松山,臺北市,10,2026-04-02 12:00,μg/m3
古亭,臺北市,4,2026-04-02 12:00,μg/m3
萬華,臺北市,6,2026-04-02 12:00,μg/m3
中山,臺北市,10,2026-04-02 12:00,μg/m3
士林,臺北市,,2026-04-02 12:00,μg/m3
淡水,新北市,10,2026-04-02 12:00,μg/m3
林口,新北市,8,2026-04-02 12:00,μg/m3
菜寮,新北市,10,2026-04-02 12:00,μg/m3
新莊,新北市,11,2026-04-02 12:00,μg/m3
板橋,新北市,8,2026-04-02 12:00,μg/m3
土城,新北市,5,2026-04-02 12:00,μg/m3
新店,新北市,9,2026-04-02 12:00,μg/m3
汐止,新北市,4,2026-04-02 12:00,μg/m3
基隆,基隆市,9,2026-04-02 12:00,μg/m3
